Region,Subregion,Country,Gender,2000,2001,2002,2003,2004,2005,2006,2007,2008,2009,2010,2011,2012,2013,2014,2015,2016,2017,2018,2019,2020,2000,2001,2002,2003,2004,2005,2006,2007,2008,2009,2010,2011,2012,2013,2014,2015,2016,2017,2018,2019,2020
Africa,Northern Africa,Algeria,Female,0,0,0,0,0,0,0,0,0,0,0,0,52,39,85,73,0,0,0,92,82,0,0,0,0,0,0,0,0,0,0,0,0,0.28,0.21,0.44,0.37,0,0,0,0.43,0.38
Africa,Northern Africa,Algeria,Male,0,0,0,0,0,0,0,0,0,0,0,0,195,170,491,469,0,0,0,479,498,0,0,0,0,0,0,0,0,0,0,0,0,1.03,0.88,2.5,2.34,0,0,0,2.2,2.25
Africa,Northern Africa,Egypt,Female,0,0,0,0,52,63,144,163,110,193,197,331,261,0,0,0,0,0,0,0,0,0,0,0,0,0.14,0.17,0.38,0.42,0.28,0.48,0.48,0.79,0.61,0,0,0,0,0,0,0,0
Africa,Northern Africa,Egypt,Male,0,0,0,0,270,459,405,517,856,719,1642,2372,1945,0,0,0,0,0,0,0,0,0,0,0,0,0.72,1.2,1.04,1.31,2.13,1.75,3.93,5.55,4.45,0,0,0,0,0,0,0,0
Africa,Northern Africa,Morocco,Female,0,0,0,0,0,0,0,0,0,52,0,0,56,66,59,97,105,113,70,117,86,0,0,0,0,0,0,0,0,0,0.33,0,0,0.33,0.39,0.34,0.55,0.59,0.63,0.39,0.64,0.46
Africa,Northern Africa,Morocco,Male,0,0,0,0,0,0,0,0,0,379,0,0,327,363,296,334,489,648,440,510,401,0,0,0,0,0,0,0,0,0,2.41,0,0,1.99,2.18,1.75,1.95,2.81,3.67,2.46,2.82,2.19
Africa,Northern Africa,Tunisia,Female,0,0,0,0,0,0,0,0,0,0,0,0,0,0,0,0,0,0,0,103,115,0,0,0,0,0,0,0,0,0,0,0,0,0,0,0,0,0,0,0,1.75,1.93
Africa,Northern Africa,Tunisia,Male,0,0,0,0,0,0,0,0,0,0,0,0,0,0,0,0,0,0,0,468,447,0,0,0,0,0,0,0,0,0,0,0,0,0,0,0,0,0,0,0,8.07,7.63
Africa,Sub-Saharan Africa,Burundi,Female,0,0,0,0,0,0,0,0,0,0,0,0,0,97,102,78,123,0,0,0,0,0,0,0,0,0,0,0,0,0,0,0,0,0,2.01,2.05,1.52,2.32,0,0,0,0
Africa,Sub-Saharan Africa,Burundi,Male,0,0,0,0,0,0,0,0,0,0,0,0,0,423,462,383,512,0,0,0,0,0,0,0,0,0,0,0,0,0,0,0,0,0,8.96,9.48,7.61,9.86,0,0,0,0
Africa,Sub-Saharan Africa,Cabo Verde,Female,0,0,0,0,0,0,0,0,0,0,0,7,10,7,15,7,0,6,10,6,9,0,0,0,0,0,0,0,0,0,0,0,2.92,4.04,2.74,5.8,2.68,0,2.24,3.69,2.19,3.25
Africa,Sub-Saharan Africa,Cabo Verde,Male,0,0,0,0,0,0,0,0,0,0,0,45,45,47,50,39,0,32,26,28,27,0,0,0,0,0,0,0,0,0,0,0,18.31,18.09,18.32,19.24,14.82,0,11.87,9.53,10.14,9.67
Africa,Sub-Saharan Africa,Cameroon,Female,0,0,0,0,0,0,0,0,0,0,0,0,0,0,91,117,107,0,0,0,0,0,0,0,0,0,0,0,0,0,0,0,0,0,0,0.8,1,0.89,0,0,0,0
Africa,Sub-Saharan Africa,Cameroon,Male,0,0,0,0,0,0,0,0,0,0,0,0,0,0,121,152,169,0,0,0,0,0,0,0,0,0,0,0,0,0,0,0,0,0,0,1.07,1.31,1.41,0,0,0,0
Africa,Sub-Saharan Africa,Kenya,Female,0,0,0,0,0,0,0,0,0,0,0,0,0,0,522,611,638,433,437,0,523,0,0,0,0,0,0,0,0,0,0,0,0,0,0,2.22,2.54,2.59,1.71,1.69,0,1.93
Africa,Sub-Saharan Africa,Kenya,Male,0,0,0,0,0,0,0,0,0,0,0,0,0,0,1782,1649,1724,2032,1132,0,1628,0,0,0,0,0,0,0,0,0,0,0,0,0,0,7.68,6.94,7.08,8.15,4.43,0,6.09
Africa,Sub-Saharan Africa,Mauritius,Female,11,0,0,10,7,13,12,12,17,16,8,8,10,11,8,6,10,13,14,0,0,1.9,0,0,1.8,1.14,2.13,2.05,1.97,2.81,2.55,1.27,1.27,1.58,1.74,1.26,0.94,1.57,2.03,2.18,0,0
Africa,Sub-Saharan Africa,Mauritius,Male,14,0,0,28,28,23,37,32,30,22,25,24,18,24,11,15,11,20,23,0,0,2.49,0,0,4.68,4.65,3.94,6.13,5.35,4.96,3.57,4.04,3.87,2.9,3.86,1.77,2.4,1.76,3.2,3.67,0,0
Africa,Sub-Saharan Africa,Namibia,Female,0,0,0,0,0,0,0,0,0,0,0,0,0,0,0,0,0,0,0,0,90,0,0,0,0,0,0,0,0,0,0,0,0,0,0,0,0,0,0,0,0,6.87
Africa,Sub-Saharan Africa,Namibia,Male,0,0,0,0,0,0,0,0,0,0,0,0,0,0,0,0,0,0,0,0,213,0,0,0,0,0,0,0,0,0,0,0,0,0,0,0,0,0,0,0,0,17.29
Africa,Sub-Saharan Africa,Sao Tome and Principe,Female,0,0,0,0,0,0,0,0,0,0,0,0,0,0,0,0,0,0,0,0,0,0,0,0,0,0,0,0,0,0,0,0,0,0,0,0,0,0,0,0,0,0
Africa,Sub-Saharan Africa,Sao Tome and Principe,Male,0,0,0,0,0,0,0,0,0,0,0,0,0,0,0,0,0,0,0,0,0,0,0,0,0,0,0,0,0,0,0,0,0,0,0,0,0,0,0,0,0,0
Africa,Sub-Saharan Africa,Seychelles,Female,0,0,0,0,1,0,2,1,1,2,1,5,0,6,2,0,0,0,0,0,0,0,0,0,0,4.15,0,5.77,3.27,2.71,6.34,2.91,11.39,0.99,14.49,5.39,0,0,0,0,0,0
Africa,Sub-Saharan Africa,Seychelles,Male,0,0,0,0,8,0,6,6,4,11,7,10,3,11,13,0,0,0,0,0,0,0,0,0,0,18.8,0,14.29,14.36,10.4,24.02,16.38,23.04,7.43,23.75,27.88,0,0,0,0,0,0
Africa,Sub-Saharan Africa,South Africa,Female,0,0,0,0,0,0,2727,2679,2545,2596,2741,2399,0,0,0,0,2639,2930,2771,0,0,0,0,0,0,0,0,11.09,10.76,10.09,10.15,10.57,9.11,0,0,0,0,9.27,10.14,9.46,0,0
Africa,Sub-Saharan Africa,South Africa,Male,0,0,0,0,0,0,16378,15720,15538,14170,13151,13154,0,0,0,0,16377,17425,18265,0,0,0,0,0,0,0,0,68.5,64.9,63.29,56.91,52.04,51.26,0,0,0,0,59.05,61.96,64.1,0,0
Africa,Sub-Saharan Africa,Uganda,Female,0,0,0,0,0,0,0,0,385,0,0,743,741,791,841,0,911,834,0,0,0,0,0,0,0,0,0,0,0,2.49,0,3.63,4.36,4.21,4.35,4.48,0,4.52,3.99,0,0,0
Africa,Sub-Saharan Africa,Uganda,Male,0,0,0,0,0,0,0,0,2408,0,2560,3010,3325,3066,3631,0,3571,3901,0,0,0,0,0,0,0,0,0,0,0,16.1,0,16.09,18.33,19.61,17.5,20.04,0,18.32,19.27,0,0,0
Africa,Sub-Saharan Africa,United Republic of Tanzania,Female,0,0,0,0,0,0,0,0,0,0,550,557,521,494,0,671,0,0,0,0,0,0,0,0,0,0,0,0,0,0,0,2.47,2.43,2.21,2.03,0,2.6,0,0,0,0,0
Africa,Sub-Saharan Africa,United Republic of Tanzania,Male,0,0,0,0,0,0,0,0,0,0,3338,3592,3571,3203,0,3075,0,0,0,0,0,0,0,0,0,0,0,0,0,0,0,15.09,15.76,15.21,13.24,0,11.97,0,0,0,0,0
Americas,Latin America and the Caribbean,Anguilla,Female,0,0,0,0,0,0,0,0,0,0,0,0,0,0,0,0,0,0,0,0,0,0,0,0,0,0,0,0,0,0,0,0,0,0,0,0,0,0,0,0,0,0
Americas,Latin America and the Caribbean,Anguilla,Male,1,0,0,0,0,0,0,0,1,1,0,0,0,1,0,0,0,0,0,0,0,0,0,0,0,0,0,0,0,0,0,0,0,0,0,0,0,0,0,0,0,0
Americas,Latin America and the Caribbean,Antigua and Barbuda,Female,0,0,1,0,0,0,0,0,5,0,0,0,0,0,0,1,2,2,3,1,0,0,1.9,3.02,0,0,0,0,0,11.19,0,0,0,0,0,0,2.06,4.08,4.05,6.02,1.99,0
Americas,Latin America and the Caribbean,Antigua and Barbuda,Male,0,6,3,0,0,0,0,0,11,0,0,0,0,0,0,4,7,18,9,2,0,0,17.15,10.18,0,0,0,0,0,27.01,0,0,0,0,0,0,8.88,15.38,39.14,19.39,4.27,0
Americas,Latin America and the Caribbean,Argentina,Female,0,0,0,0,0,0,0,0,0,0,0,0,0,0,0,387,0,408,399,409,0,0,0,0,0,0,0,0,0,0,0,0,0,0,0,0,1.75,0,1.81,1.76,1.78,0
Americas,Latin America and the Caribbean,Argentina,Male,0,0,0,0,0,0,0,0,0,0,0,0,0,0,0,2450,0,1909,1987,1890,0,0,0,0,0,0,0,0,0,0,0,0,0,0,0,0,11.67,0,8.91,9.19,8.65,0
Americas,Latin America and the Caribbean,Bahamas,Female,16,5,12,6,2,8,5,8,7,10,14,16,10,0,11,16,7,6,3,6,11,10.76,3.32,7.74,3.73,1.22,4.79,2.94,4.61,3.95,5.55,7.65,8.63,5.34,0,5.76,8.31,3.6,3.06,1.51,3,5.44
Americas,Latin America and the Caribbean,Bahamas,Male,57,37,39,44,42,44,56,70,66,77,80,111,101,0,113,130,104,116,88,89,62,39.65,25.71,26.59,28.92,27.11,27.89,34.85,42.76,39.6,45.44,46.51,63.69,57.3,0,62.84,71.58,56.68,62.57,46.98,47.03,32.44
Americas,Latin America and the Caribbean,Barbados,Female,5,4,7,11,0,9,1,6,4,3,8,2,2,7,3,3,2,2,4,5,0,3.54,3.15,5.28,7.71,0.61,6.37,1.05,4.14,2.75,2.05,5.45,1.36,1.36,4.74,2.03,2.03,1.35,1.35,2.7,3.37,0
Americas,Latin America and the Caribbean,Barbados,Male,15,20,17,22,21,19,33,19,19,16,23,25,20,17,22,28,20,28,24,43,0,11.5,15.69,13.33,16.7,15.98,14.96,25.14,14.21,14.15,11.86,16.99,18.4,14.67,12.43,16.04,20.36,14.5,20.26,17.33,30.98,0
Americas,Latin America and the Caribbean,Belize,Female,0,0,0,0,14,0,0,0,0,9,16,12,14,10,12,9,15,11,19,17,11,0,0,0,0,10.19,0,0,0,0,5.73,10.01,7.27,8.28,5.78,6.78,4.98,8.12,5.84,9.88,8.67,5.5
Americas,Latin America and the Caribbean,Belize,Male,0,0,0,0,65,0,0,0,0,88,112,112,131,89,111,110,123,131,124,117,91,0,0,0,0,46.73,0,0,0,0,55.86,69.97,67.83,77.55,51.53,62.91,61.07,66.94,69.94,64.99,60.22,46.02
Americas,Latin America and the Caribbean,Bolivia (Plurinational State of),Female,0,0,0,0,0,0,0,0,137,0,0,0,0,0,0,241,189,228,205,304,0,0,0,0,0,0,0,0,0,2.84,0,0,0,0,0,0,4.46,3.44,4.09,3.63,5.3,0
Americas,Latin America and the Caribbean,Bolivia (Plurinational State of),Male,0,0,0,0,0,0,0,0,690,0,0,0,0,0,0,430,410,489,339,502,0,0,0,0,0,0,0,0,0,14.12,0,0,0,0,0,0,7.87,7.4,8.7,5.95,8.69,0
Americas,Latin America and the Caribbean,Brazil,Female,3743,3851,3867,3937,3830,3884,4022,3772,4023,4260,4465,4512,4719,4762,4832,4616,4635,4928,4512,3728,3736,4.24,4.3,4.26,4.29,4.12,4.13,4.22,3.92,4.14,4.34,4.5,4.51,4.67,4.67,4.7,4.45,4.43,4.67,4.24,3.47,3.46
Americas,Latin America and the Caribbean,Brazil,Male,41585,44040,45775,47082,44519,43665,45060,43886,46024,47109,47749,47619,51544,51937,54736,53424,56409,58713,51271,40231,39336,48.03,50.2,51.51,52.35,48.93,47.46,48.47,46.74,48.55,49.24,49.46,48.9,52.48,52.44,54.82,53.08,55.6,57.43,49.78,38.78,37.67
Americas,Latin America and the Caribbean,Cayman Islands,Female,1,1,0,1,1,0,1,1,0,1,0,0,0,0,0,0,0,0,0,0,0,0,0,0,0,0,0,0,0,0,0,0,0,0,0,0,0,0,0,0,0,0
Americas,Latin America and the Caribbean,Cayman Islands,Male,3,1,0,2,4,3,0,1,4,7,9,0,0,5,5,0,0,0,0,0,0,0,0,0,0,0,0,0,0,0,0,0,0,0,0,0,0,0,0,0,0,0
Americas,Latin America and the Caribbean,Chile,Female,0,0,0,0,0,83,91,111,103,99,96,115,37,108,63,76,90,106,94,93,0,0,0,0,0,0,1.01,1.1,1.32,1.21,1.16,1.11,1.31,0.42,1.21,0.7,0.84,0.97,1.13,0.99,0.97,0
Americas,Latin America and the Caribbean,Chile,Male,0,0,0,0,0,493,499,505,485,530,445,521,397,448,375,533,530,673,731,651,0,0,0,0,0,0,6.19,6.2,6.21,5.9,6.39,5.3,6.14,4.64,5.18,4.29,6.03,5.91,7.4,7.92,6.97,0
Americas,Latin America and the Caribbean,Colombia,Female,1924,2214,2242,20,1629,1492,1323,1385,1262,1260,1226,1348,1387,1224,1170,1068,1038,1077,1060,1045,913,9.52,10.79,10.76,9.46,7.59,6.86,6.01,6.21,5.59,5.52,5.32,5.79,5.9,5.16,4.88,4.41,4.23,4.32,4.19,4.08,3.53
Americas,Latin America and the Caribbean,Colombia,Male,24614,25625,26144,21522,18581,16619,16156,15813,14878,14557,14233,14779,15053,14194,12173,11714,11364,11160,11526,11035,10605,126.7,129.88,130.51,105.86,90.11,79.51,76.31,73.77,68.6,66.38,64.23,66.05,66.68,62.31,52.9,50.3,48.12,46.52,47.29,44.65,42.45
Americas,Latin America and the Caribbean,Costa Rica,Female,40,28,33,37,38,61,45,37,60,59,61,64,50,36,51,42,66,58,65,48,0,2.04,1.41,1.66,1.82,1.84,2.86,2.08,1.68,2.69,2.62,2.67,2.77,2.14,1.52,2.13,1.73,2.7,2.34,2.6,1.9,0
Americas,Latin America and the Caribbean,Costa Rica,Male,208,228,224,262,241,273,306,332,452,466,466,410,357,375,426,515,512,545,520,515,0,10.49,11.29,10.89,12.56,11.39,12.74,14.05,15.04,20.21,20.58,20.32,17.67,15.21,15.8,17.75,21.23,20.89,22.02,20.81,20.42,0
Americas,Latin America and the Caribbean,Cuba,Female,155,159,185,153,146,168,133,139,120,153,126,132,138,147,156,139,121,0,0,0,0,2.78,2.84,3.29,2.72,2.59,2.97,2.35,2.46,2.13,2.71,2.23,2.34,2.44,2.59,2.74,2.44,2.12,0,0,0,0
Americas,Latin America and the Caribbean,Cuba,Male,432,446,476,489,514,516,443,429,395,412,379,402,483,527,444,480,451,0,0,0,0,7.79,8.01,8.53,8.74,9.17,9.19,7.89,7.66,7.06,7.38,6.79,7.19,8.63,9.4,7.9,8.53,8.01,0,0,0,0
Americas,Latin America and the Caribbean,Dominica,Female,0,1,0,2,0,0,0,0,2,0,1,0,0,0,2,1,1,2,2,1,1,0,0,0,0,0,0,0,0,0,0,0,0,0,0,0,0,0,0,0,0,0
Americas,Latin America and the Caribbean,Dominica,Male,0,0,9,5,0,0,0,0,5,0,13,6,0,0,7,8,15,17,11,13,14,0,0,0,0,0,0,0,0,0,0,0,0,0,0,0,0,0,0,0,0,0
Americas,Latin America and the Caribbean,Dominican Republic,Female,0,0,0,0,0,214,180,174,187,180,210,233,201,0,187,0,170,191,152,145,128,0,0,0,0,0,4.74,3.93,3.76,3.98,3.78,4.35,4.76,4.06,0,3.69,0,3.27,3.63,2.86,2.7,2.36
Americas,Latin America and the Caribbean,Dominican Republic,Male,0,0,0,0,0,2179,1963,1936,2206,2194,2263,2280,2067,0,1623,0,1446,1025,916,881,833,0,0,0,0,0,47.63,42.35,41.24,46.43,45.64,46.52,46.32,41.51,0,31.88,0,27.79,19.49,17.24,16.42,15.37
Americas,Latin America and the Caribbean,Ecuador,Female,144,148,185,182,217,165,222,229,213,276,241,251,233,253,187,176,182,198,139,150,164,2.29,2.3,2.83,2.74,3.22,2.4,3.17,3.22,2.94,3.75,3.22,3.3,3.02,3.23,2.35,2.17,2.21,2.36,1.63,1.73,1.86
Americas,Latin America and the Caribbean,Ecuador,Male,1688,1509,1720,1754,2172,1955,2162,2043,2394,2348,2382,2093,1690,1472,1124,876,781,774,853,1035,1203,26.52,23.29,26.09,26.16,31.85,28.2,30.68,28.51,32.86,31.73,31.67,27.41,21.81,18.72,14.07,10.79,9.46,9.22,9.98,11.91,13.63
Americas,Latin America and the Caribbean,El Salvador,Female,0,0,0,0,0,397,447,340,317,592,562,628,322,217,294,574,524,469,386,230,0,0,0,0,0,0,12.58,14.06,10.62,9.84,18.28,17.25,19.17,9.77,6.55,8.82,17.16,15.55,13.83,11.32,6.71,0
Americas,Latin America and the Caribbean,El Salvador,Male,0,0,0,0,0,3484,3479,3157,2862,3790,3425,3743,2272,2296,3627,6081,4752,3474,2941,2127,0,0,0,0,0,0,120.62,120.14,108.72,98.31,129.86,117.03,127.54,77.18,77.74,122.39,204.46,159.16,115.88,97.69,70.35,0
Americas,Latin America and the Caribbean,Grenada,Female,0,0,0,0,0,3,3,2,2,3,2,1,5,2,3,2,5,2,1,1,0,0,0,0,0,0,5.75,5.75,3.83,3.82,5.73,3.81,1.89,9.4,3.73,5.56,3.68,9.15,3.64,1.81,1.8,0
Americas,Latin America and the Caribbean,Grenada,Male,0,0,0,0,0,8,9,9,14,4,8,3,9,4,5,4,8,10,11,15,0,0,0,0,0,0,15.24,17.07,17,26.33,7.49,14.91,5.56,16.58,7.32,9.1,7.23,14.39,17.89,19.59,26.58,0
Americas,Latin America and the Caribbean,Guadeloupe,Female,0,0,0,0,9,1,6,0,8,5,0,0,0,0,0,0,0,0,0,0,0,0,0,0,0,4.43,0.72,3.07,0,3.71,2.49,0,0,0,0,0,0,0,0,0,0,0
Americas,Latin America and the Caribbean,Guadeloupe,Male,0,0,0,0,16,21,17,0,24,30,0,0,0,0,0,0,0,0,0,0,0,0,0,0,0,8.59,11.29,9.25,0,12.74,16.22,0,0,0,0,0,0,0,0,0,0,0
Americas,Latin America and the Caribbean,Guatemala,Female,0,0,0,0,497,518,603,590,687,720,695,632,573,654,630,630,0,0,913,621,0,0,0,0,0,7.62,7.76,8.83,8.46,9.63,9.88,9.34,8.31,7.38,8.25,7.78,7.63,0,0,10.43,6.96,0
Americas,Latin America and the Caribbean,Guatemala,Male,0,0,0,0,4010,4820,5282,5191,5605,5778,5265,5049,4582,4599,4368,4368,0,0,0,3260,0,0,0,0,0,63.91,75.05,80.38,77.22,81.53,82.2,73.27,68.74,61.05,59.98,55.78,54.63,0,0,54.16,37.64,0
Americas,Latin America and the Caribbean,Guyana,Female,0,0,0,0,0,28,23,28,38,29,31,34,27,30,0,28,10,21,23,18,39,0,0,0,0,0,7.52,6.17,7.49,10.13,7.71,8.21,8.98,7.11,7.87,0,7.3,2.6,5.43,5.93,4.62,9.97
Americas,Latin America and the Caribbean,Guyana,Male,0,0,0,0,0,114,130,87,120,88,109,96,112,125,0,121,132,94,88,118,118,0,0,0,0,0,30.49,34.81,23.35,32.27,23.69,29.3,25.72,29.83,33.06,0,31.53,34.17,24.18,22.51,30,29.83
Americas,Latin America and the Caribbean,Haiti,Female,0,0,0,0,0,0,0,0,0,0,0,0,0,70,86,89,79,0,58,0,0,0,0,0,0,0,0,0,0,0,0,0,0,0,1.33,1.61,1.64,1.44,0,1.03,0,0
Americas,Latin America and the Caribbean,Haiti,Male,0,0,0,0,0,0,0,0,0,0,0,0,0,969,894,982,949,0,685,0,0,0,0,0,0,0,0,0,0,0,0,0,0,0,18.88,17.17,18.6,17.74,0,12.48,0,0
Americas,Latin America and the Caribbean,Honduras,Female,0,0,0,0,0,0,209,324,311,364,384,482,606,489,495,478,466,391,376,398,326,0,0,0,0,0,0,5.48,8.28,7.79,8.91,9.23,11.37,14,11.11,11.05,10.48,10.04,8.28,7.84,8.16,6.58
Americas,Latin America and the Caribbean,Honduras,Male,0,0,0,0,0,0,2908,3263,4143,4915,5851,6621,6566,5941,5395,4669,4680,3465,3356,3696,3272,0,0,0,0,0,0,76.46,83.86,104.14,120.95,141.04,156.49,152.28,135.3,120.69,102.64,101.1,73.58,70.08,75.91,66.12
Americas,Latin America and the Caribbean,Jamaica,Female,0,0,0,0,0,186,152,151,165,156,145,119,127,130,0,116,135,160,129,0,0,0,0,0,0,0,13.45,10.94,10.82,11.78,11.09,10.26,8.38,8.89,9.05,6.92,7.98,9.23,10.88,8.73,0,0
Americas,Latin America and the Caribbean,Jamaica,Male,0,0,0,0,0,1488,1188,1433,1454,1527,1302,1014,972,1071,905,1092,1219,1487,1158,0,0,0,0,0,0,0,109.61,87.03,104.38,105.28,109.91,93.17,72.14,68.76,75.34,63.32,76.01,84.42,102.49,79.45,0,0
Americas,Latin America and the Caribbean,Mexico,Female,1285,1284,1281,1318,1207,1298,1299,1083,1425,1928,2423,2719,2787,2663,2419,2392,2821,3430,3752,3893,3952,2.55,2.51,2.47,2.51,2.26,2.4,2.36,1.94,2.52,3.36,4.16,4.6,4.65,4.39,3.94,3.84,4.48,5.38,5.82,5.97,6
Americas,Latin America and the Caribbean,Mexico,Male,9451,90,8806,8768,8121,8622,9152,7783,12580,17874,23333,24493,23179,20399,17590,18369,21737,28522,32765,32530,32147,19.46,18.29,17.67,17.37,15.88,16.63,17.4,14.58,23.21,32.49,41.8,43.27,40.4,35.1,29.88,30.82,36.04,46.74,53.09,52.13,50.97
Americas,Latin America and the Caribbean,Nicaragua,Female,0,0,0,0,0,0,0,0,58,94,78,55,64,65,0,66,48,58,63,53,0,0,0,0,0,0,0,0,0,2.02,3.24,2.64,1.84,2.11,2.11,0,2.09,1.5,1.79,1.92,1.6,0
Americas,Latin America and the Caribbean,Nicaragua,Male,0,0,0,0,0,0,0,0,678,707,707,682,608,529,0,458,405,373,618,462,0,0,0,0,0,0,0,0,0,24.27,24.99,24.64,23.48,20.66,17.71,0,14.93,13.03,11.85,19.39,14.32,0
Americas,Latin America and the Caribbean,Panama,Female,28,26,39,35,27,35,19,21,31,40,31,26,34,50,38,49,44,43,37,52,52,1.93,1.75,2.51,2.26,1.66,2.15,1.13,1.22,1.77,2.25,1.71,1.41,1.82,2.62,1.97,2.5,2.19,2.1,1.78,2.45,2.41
Americas,Latin America and the Caribbean,Panama,Male,270,279,336,301,281,328,202,258,462,522,429,523,602,613,565,421,356,338,355,428,428,17.68,17.94,21.23,18.63,17.07,19.59,11.84,14.85,26.13,29.02,23.44,28.09,31.85,31.84,28.9,21.18,17.59,16.42,16.97,20.13,19.82
Americas,Latin America and the Caribbean,Paraguay,Female,0,0,0,0,0,0,0,46,59,69,73,62,73,52,69,57,55,57,63,54,69,0,0,0,0,0,0,0,1.56,1.97,2.28,2.38,1.99,2.31,1.63,2.13,1.74,1.65,1.69,1.84,1.56,1.97
Americas,Latin America and the Caribbean,Paraguay,Male,0,0,0,0,0,0,0,737,774,752,668,595,576,552,509,560,614,484,434,0,412,0,0,0,0,0,0,0,24.18,25.04,23.99,21.02,18.46,17.63,16.66,15.16,16.45,17.81,13.86,12.27,13.96,11.37
Americas,Latin America and the Caribbean,Peru,Female,0,0,0,0,0,0,0,0,0,0,0,278,317,310,345,407,517,0,531,531,0,0,0,0,0,0,0,0,0,0,0,0,1.9,2.14,2.08,2.28,2.66,3.33,0,3.3,3.25,0
Americas,Latin America and the Caribbean,Peru,Male,0,0,0,0,0,0,0,0,0,0,0,1338,1650,1702,1730,1839,1917,0,1906,1906,0,0,0,0,0,0,0,0,0,0,0,0,9.18,11.24,11.5,11.57,12.16,12.48,0,12,11.8,0
Americas,Latin America and the Caribbean,Puerto Rico,Female,74,69,63,59,68,66,45,50,64,56,64,82,83,53,52,37,56,34,51,38,46,3.88,3.62,3.31,3.1,3.59,3.49,2.39,2.66,3.41,3,3.44,4.43,4.51,2.91,2.89,2.1,3.26,2.05,3.2,2.47,3.06
Americas,Latin America and the Caribbean,Puerto Rico,Male,660,733,757,759,775,759,738,724,810,0,966,1097,932,871,652,577,648,645,590,568,483,37.42,41.57,43.03,43.3,44.37,43.59,42.47,41.73,46.77,52.11,56.19,64.18,54.92,51.84,39.41,35.67,41.33,42.78,40.82,40.81,35.63
Americas,Latin America and the Caribbean,Saint Kitts and Nevis,Female,0,2,0,0,0,0,0,0,0,3,2,1,0,0,0,0,2,3,4,2,0,0,0,0,0,0,0,0,0,0,0,0,0,0,0,0,0,0,0,0,0,0
Americas,Latin America and the Caribbean,Saint Kitts and Nevis,Male,0,0,0,0,0,0,0,0,0,0,0,0,0,0,0,0,0,0,0,0,0,0,0,0,0,0,0,0,0,0,0,0,0,0,0,0,0,0,0,0,0,0
Americas,Latin America and the Caribbean,Saint Kitts and Nevis,Female,0,4,5,10,11,0,0,0,0,24,19,33,0,0,0,0,28,20,19,10,0,0,0,0,0,0,0,0,0,0,0,0,0,0,0,0,0,0,0,0,0,0
Americas,Latin America and the Caribbean,Saint Lucia,Female,2,0,6,2,3,0,0,0,0,6,5,7,6,5,0,5,2,4,4,0,0,3.09,0,8.16,2.59,4.72,0,0,0,0,6.96,6.22,8.21,7.05,5.55,0,5.5,2.19,4.36,4.33,0,0
Americas,Latin America and the Caribbean,Saint Lucia,Male,0,0,0,0,0,0,0,0,0,0,0,0,0,0,0,0,0,0,0,0,0,0,0,0,0,0,0,0,0,0,0,0,0,0,0,0,0,0,0,0,0,0
Americas,Latin America and the Caribbean,Saint Lucia,Male,20,0,35,33,33,0,0,0,0,32,38,38,32,28,34,23,28,49,35,46,0,26.71,0,45.25,43.05,41.73,0,0,0,0,38.85,44.94,44.76,37.56,32.03,38.72,26.07,31.58,54.98,39.07,51.1,0
Americas,Latin America and the Caribbean,Saint Vincent and the Grenadines,Female,0,0,0,0,6,7,6,8,3,3,3,0,0,0,0,0,4,5,7,0,0,0,0,0,0,11.56,13.02,11.47,16.6,5.62,6.48,5.64,0,0,0,0,0,7.44,9.26,12.91,0,0
Americas,Latin America and the Caribbean,Saint Vincent and the Grenadines,Male,0,0,0,0,22,19,13,31,13,19,22,0,0,0,0,0,36,34,27,19,0,0,0,0,0,41.6,34.63,25.2,56.59,23.63,35.51,39.93,0,0,0,0,0,64.62,60.89,48.23,33.87,0
Americas,Latin America and the Caribbean,Suriname,Female,0,0,0,0,0,0,0,14,10,0,0,0,0,3,6,11,16,11,7,7,0,0,0,0,0,0,0,0,5.76,3.9,0,0,0,0,1.1,2.18,3.96,5.7,3.88,2.44,2.42,0
Americas,Latin America and the Caribbean,Suriname,Male,0,0,0,0,0,0,0,30,33,0,0,0,0,26,26,23,25,25,31,17,0,0,0,0,0,0,0,0,11.8,12.66,0,0,0,0,9.44,9.34,8.18,8.8,8.71,10.7,5.82,0
Americas,Latin America and the Caribbean,Trinidad and Tobago,Female,0,0,0,0,26,39,34,30,57,40,52,30,45,39,45,29,0,0,0,0,0,0,0,0,0,4,5.97,5.18,4.55,8.6,6,7.89,4.45,6.63,5.7,6.54,4.19,0,0,0,0,0
Americas,Latin America and the Caribbean,Trinidad and Tobago,Male,0,0,0,0,234,347,337,361,490,467,420,322,335,368,360,391,0,0,0,0,0,0,0,0,0,36.54,53.95,52.17,55.66,75.23,71.37,63.87,48.67,50.33,54.94,53.42,57.69,0,0,0,0,0
Americas,Latin America and the Caribbean,Uruguay,Female,0,0,0,0,0,0,43,32,44,45,41,41,38,54,51,50,42,55,57,48,0,0,0,0,0,0,0,2.5,1.85,2.54,2.59,2.36,2.35,2.17,3.08,2.9,2.83,2.37,3.09,3.2,2.68,0
Americas,Latin America and the Caribbean,Uruguay,Male,0,0,0,0,0,0,159,162,177,181,164,158,229,206,217,243,222,228,359,344,0,0,0,0,0,0,0,9.92,10.09,10.99,11.21,10.13,9.73,14.06,12.61,13.23,14.77,13.44,13.75,21.56,20.58,0
Americas,Latin America and the Caribbean,Venezuela (Bolivarian Republic of),Female,520,483,845,689,598,556,669,672,735,761,789,804,940,0,0,731,806,788,0,0,0,4.32,3.94,6.75,5.41,4.61,4.21,4.99,4.93,5.31,5.43,5.54,5.56,6.39,0,0,4.83,5.36,5.31,0,0,0
Americas,Latin America and the Caribbean,Venezuela (Bolivarian Republic of),Male,7501,7476,8771,10652,9120,9407,11587,12483,13854,13223,12290,13293,15131,0,0,14606,16280,13662,0,0,0,61.8,60.48,69.71,83.2,70.05,71.11,86.27,91.65,0.35,94.49,86.62,92.28,103.39,0,0,97.68,109.92,93.88,0,0,0
Americas,Northern America,Bermuda,Female,0,0,0,0,1,0,0,0,0,1,0,2,0,0,1,0,0,0,0,0,0,0,0,0,0,0,0,0,0,0,0,0,0,0,0,0,0,0,0,0,0,0
Americas,Northern America,Bermuda,Male,0,0,0,0,0,2,0,0,0,5,7,6,6,5,3,4,8,5,0,0,0,0,0,0,0,0,0,0,0,0,0,0,0,0,0,0,0,0,0,0,0,0
Americas,Northern America,Canada,Female,149,162,207,156,0,180,162,166,147,162,154,179,157,151,151,178,152,173,0,155,171,0.97,1.04,1.32,0.98,1.25,1.11,0.99,1,0.87,0.95,0.9,1.03,0.89,0.85,0.84,0.98,0.83,0.93,0,0.82,0.9
Americas,Northern America,Canada,Male,397,391,375,392,425,484,446,431,467,448,401,427,391,358,371,432,460,485,0,527,568,2.62,2.56,2.43,2.52,2.7,3.04,2.76,2.64,2.82,2.68,2.37,2.49,2.26,2.05,2.1,2.42,2.55,2.66,0,2.84,3.03
Americas,Northern America,United States of America,Female,3709,4459,3760,3694,3551,3559,3654,3678,3585,3530,3311,3262,3301,3169,3183,3333,3716,3691,3658,0,0,5.15,6.13,5.13,5,4.76,4.73,4.81,4.8,4.63,4.53,4.21,4.11,4.13,3.94,3.93,4.09,4.53,4.47,4.4,0,0
Americas,Northern America,United States of America,Male,11876,14573,12468,12833,12596,13180,13655,13450,12880,11869,11411,11399,11555,11149,10980,12549,13696,13592,12555,0,0,17,20.64,17.48,17.84,17.35,17.99,18.46,18.01,17.09,15.6,14.86,14.73,14.81,14.17,13.86,15.73,17.05,16.81,15.44,0,0
Asia,Central Asia,Kazakhstan,Female,0,0,0,0,0,0,0,0,363,416,344,329,276,280,204,251,0,221,0,0,150,0,0,0,0,0,0,0,0,4.42,5.02,4.1,3.86,3.19,3.19,2.28,2.77,0,2.37,0,0,1.55
Asia,Central Asia,Kazakhstan,Male,0,0,0,0,0,0,0,0,1444,1355,1043,1091,990,840,0,602,0,694,0,0,456,0,0,0,0,0,0,0,0,18.86,17.48,13.28,13.68,12.22,10.2,8.36,7.08,0,7.92,0,0,5
Asia,Central Asia,Kyrgyzstan,Female,76,68,79,94,88,106,89,97,87,131,0,0,0,0,0,0,0,0,0,0,0,3.06,2.71,3.13,3.72,3.5,4.14,3.44,3.74,3.28,4.86,0,0,0,0,0,0,0,0,0,0,0
Asia,Central Asia,Kyrgyzstan,Male,354,318,332,326,330,385,357,318,330,288,0,0,0,0,0,0,0,0,0,0,0,14.55,12.95,13.43,13.12,13.21,15.3,14.06,12.39,12.69,10.92,0,0,0,0,0,0,0,0,0,0,0
Asia,Central Asia,Tajikistan,Female,0,0,0,0,0,0,40,33,38,24,23,17,0,0,0,0,0,0,0,0,10,0,0,0,0,0,0,1.16,0.94,1.06,0.66,0.62,0.45,0,0,0,0,0,0,0,0,0.21
Asia,Central Asia,Tajikistan,Male,0,0,0,0,0,0,154,99,62,72,158,109,0,0,0,0,0,0,0,0,87,0,0,0,0,0,0,4.42,2.78,1.71,1.96,4.16,2.81,0,0,0,0,0,0,0,0,1.81
Asia,Central Asia,Uzbekistan,Female,0,0,0,0,0,0,0,0,0,0,0,0,0,0,0,216,258,205,176,138,0,0,0,0,0,0,0,0,0,0,0,0,0,0,0,0,1.39,1.64,1.28,1.08,0.83,0
Asia,Central Asia,Uzbekistan,Male,0,0,0,0,0,0,0,0,0,0,0,0,0,0,0,510,499,386,298,258,0,0,0,0,0,0,0,0,0,0,0,0,0,0,0,0,3.31,3.18,2.42,1.84,1.57,0
Asia,Eastern Asia,China Macao SAR,Female,0,0,0,0,0,0,0,0,3,3,0,3,1,1,1,1,0,2,1,0,2,0,0,0,0,0,0,0,0,1.12,1.09,0,1.05,0.34,0.33,0.33,0.32,0,0.62,0.3,0,0.59
Asia,Eastern Asia,China Macao SAR,Male,0,0,0,0,0,0,0,0,1,2,2,1,3,0,0,0,1,0,1,2,0,0,0,0,0,0,0,0,0,0.41,0.79,0.77,0.38,1.11,0,0,0,0.34,0,0.33,0.65,0
Asia,Eastern Asia,China Hong Kong SAR,Female,0,0,0,22,20,13,18,11,25,25,19,9,12,37,13,9,11,15,16,13,9,0,0,0,0.64,0.57,0.37,0.51,0.31,0.69,0.68,0.51,0.24,0.32,0.98,0.34,0.23,0.28,0.38,0.4,0.32,0.22
Asia,Eastern Asia,China Hong Kong SAR,Male,0,0,0,30,25,21,17,7,11,22,16,8,15,25,14,13,17,9,32,11,13,0,0,0,0.92,0.77,0.65,0.52,0.21,0.34,0.67,0.49,0.24,0.46,0.76,0.42,0.39,0.51,0.27,0.94,0.32,0.38
Asia,Eastern Asia,Japan,Female,330,315,315,318,333,319,324,282,339,253,237,234,240,191,206,218,197,173,179,181,0,0.51,0.48,0.48,0.49,0.51,0.49,0.49,0.43,0.52,0.39,0.36,0.36,0.37,0.29,0.31,0.33,0.3,0.27,0.28,0.28,0
Asia,Eastern Asia,Japan,Male,348,382,347,379,366,324,295,292,315,253,228,208,189,179,189,145,165,133,155,138,0,0.56,0.61,0.55,0.6,0.58,0.52,0.47,0.46,0.5,0.4,0.36,0.33,0.3,0.29,0.3,0.23,0.26,0.21,0.25,0.22,0
Asia,Eastern Asia,Mongolia,Female,0,0,0,0,0,0,0,66,49,59,67,60,57,56,54,51,39,45,45,40,36,0,0,0,0,0,0,0,5.09,3.7,4.38,4.89,4.29,4,3.85,3.63,3.36,2.52,2.85,2.8,2.45,2.16
Asia,Eastern Asia,Mongolia,Male,0,0,0,0,0,0,0,228,163,160,172,206,142,149,159,163,145,146,151,165,160,0,0,0,0,0,0,0,17.73,12.47,12.06,12.75,15,10.15,10.45,10.93,11,9.6,9.5,9.66,10.38,9.91
Asia,Eastern Asia,Republic of Korea,Female,0,0,0,0,0,0,0,0,0,0,0,217,219,182,193,198,193,153,154,154,138,0,0,0,0,0,0,0,0,0,0,0,0.87,0.88,0.72,0.76,0.78,0.76,0.6,0.6,0.6,0.54
Asia,Eastern Asia,Republic of Korea,Male,0,0,0,0,0,0,0,0,0,0,0,185,216,170,184,177,162,147,152,138,164,0,0,0,0,0,0,0,0,0,0,0,0.75,0.86,0.67,0.73,0.7,0.63,0.57,0.59,0.54,0.64
Asia,South-eastern Asia,Brunei Darussalam,Female,2,0,0,0,0,0,0,0,0,0,0,0,0,0,0,0,0,0,0,0,0,1.22,0,0,0,0,0,0,0,0,0,0,0,0,0,0,0,0,0,0,0,0
Asia,South-eastern Asia,Brunei Darussalam,Male,2,0,0,0,0,0,0,0,0,0,0,0,0,0,0,0,0,0,0,0,0,1.19,0,0,0,0,0,0,0,0,0,0,0,0,0,0,0,0,0,0,0,0
Asia,South-eastern Asia,Myanmar,Female,0,0,0,0,0,0,0,0,0,131,151,0,241,208,206,193,45,0,0,0,0,0,0,0,0,0,0,0,0,0,0.5,0.58,0.38,0.9,0.77,0.76,0.71,0.16,0,0,0,0
Asia,South-eastern Asia,Myanmar,Male,0,0,0,0,0,0,0,0,0,748,650,955,1195,1030,1024,959,992,0,0,0,0,0,0,0,0,0,0,0,0,0,3.09,2.66,3.89,4.82,4.12,4.06,3.78,3.88,0,0,0,0
Asia,South-eastern Asia,Philippines,Female,0,0,0,0,0,0,0,951,1196,1574,1212,1018,1086,0,0,0,940,684,492,433,0,0,0,0,0,0,0,0,2.14,2.65,3.44,2.6,2.15,2.25,0,0,0,1.82,1.31,0.93,0.8,0
Asia,South-eastern Asia,Philippines,Male,0,0,0,0,0,0,0,5010,4623,7513,7432,7470,7397,0,0,0,10215,7584,5159,4331,0,0,0,0,0,0,0,0,11.13,10.1,16.13,15.68,15.5,15.09,0,0,0,19.59,14.34,9.62,7.97,0
Asia,South-eastern Asia,Singapore,Female,0,0,0,0,0,0,5,5,11,7,3,6,6,6,7,3,7,5,7,7,5,0,0,0,0,0,0,0.23,0.22,0.48,0.29,0.12,0.24,0.23,0.23,0.27,0.11,0.26,0.18,0.26,0.25,0.18
Asia,South-eastern Asia,Singapore,Male,0,0,0,0,0,0,12,13,16,13,16,10,5,11,7,11,11,6,2,5,5,0,0,0,0,0,0,0.54,0.56,0.65,0.5,0.6,0.36,0.18,0.39,0.24,0.38,0.37,0.2,0.07,0.16,0.16
Asia,South-eastern Asia,Thailand,Female,901,0,697,952,503,621,580,596,526,491,457,445,474,378,403,0,0,0,0,0,0,2.83,0,2.15,2.91,1.53,1.87,1.73,1.77,1.55,1.44,1.33,1.29,1.37,1.09,1.15,0,0,0,0,0,0
Asia,South-eastern Asia,Thailand,Male,4240,0,3840,5481,3769,4184,4106,3838,3447,3211,3196,2861,2848,2515,2245,0,0,0,0,0,0,13.64,0,12.16,17.24,11.78,13.01,12.7,11.81,10.56,9.79,9.71,8.65,8.58,7.55,6.71,0,0,0,0,0,0
Asia,Southern Asia,Afghanistan,Female,0,0,0,0,0,0,0,0,0,0,0,0,0,0,0,93,101,133,153,0,0,0,0,0,0,0,0,0,0,0,0,0,0,0,0,0,0.56,0.59,0.75,0.85,0,0
Asia,Southern Asia,Afghanistan,Male,0,0,0,0,0,0,0,0,0,0,0,0,0,0,0,3274,2217,2291,2321,0,0,0,0,0,0,0,0,0,0,0,0,0,0,0,0,0,18.51,12.19,12.28,12.16,0,0
Asia,Southern Asia,Bhutan,Female,0,0,0,0,0,0,0,0,0,0,0,0,0,0,0,2,4,4,2,2,5,0,0,0,0,0,0,0,0,0,0,0,0,0,0,0,0.58,1.15,1.14,0.56,0.56,1.38
Asia,Southern Asia,Bhutan,Male,0,0,0,0,0,0,0,0,0,0,0,0,0,0,0,10,5,9,7,6,14,0,0,0,0,0,0,0,0,0,0,0,0,0,0,0,2.6,1.28,2.28,1.75,1.48,3.41
Asia,Southern Asia,India,Female,15195,14971,14518,14473,15864,15268,15571,16794,16993,17854,17871,18731,18451,17911,18284,17089,17860,17327,17233,17238,16383,3,2.9,2.77,2.71,2.93,2.77,2.79,2.96,2.95,3.06,3.02,3.12,3.04,2.91,2.94,2.72,2.81,2.7,2.65,2.63,2.47
Asia,Southern Asia,India,Male,32971,31448,31217,29858,30626,29827,29389,28568,296,27970,28589,28909,29027,27967,29072,27284,24459,23689,23751,23240,24267,6,5.63,5.49,5.16,5.21,5,4.85,4.64,4.64,4.41,4.45,4.44,4.41,4.2,4.31,4.01,3.55,3.4,3.38,3.27,3.38
Asia,Southern Asia,Iran (Islamic Republic of),Female,0,0,0,0,0,0,0,0,0,0,0,0,0,292,224,0,0,0,0,0,0,0,0,0,0,0,0,0,0,0,0,0,0,0,0.77,0.59,0,0,0,0,0,0
Asia,Southern Asia,Iran (Islamic Republic of),Male,0,0,0,0,0,0,0,0,0,0,0,0,0,1744,1711,0,0,0,0,0,0,0,0,0,0,0,0,0,0,0,0,0,0,0,4.52,4.37,0,0,0,0,0,0
Asia,Southern Asia,Maldives,Female,0,0,0,0,0,0,0,0,0,0,0,0,0,0,0,0,4,5,0,0,0,0,0,0,0,0,0,0,0,0,0,0,0,0,0,0,0,2.14,2.64,0,0,0
Asia,Southern Asia,Maldives,Male,0,0,0,0,0,0,0,0,0,0,0,0,0,0,0,4,14,29,0,0,0,0,0,0,0,0,0,0,0,0,0,0,0,0,0,0,1.47,4.85,9.45,0,0,0
Asia,Southern Asia,Sri Lanka,Female,0,0,0,0,0,0,0,0,349,203,168,185,171,146,125,111,130,87,103,249,0,0,0,0,0,0,0,0,0,3.42,1.97,1.62,1.76,1.62,1.37,1.16,1.02,1.19,0.79,0.93,2.25,0
Asia,Southern Asia,Sri Lanka,Male,0,0,0,0,0,0,0,0,1653,896,595,547,505,473,428,376,0,399,411,493,0,0,0,0,0,0,0,0,0,16.9,9.12,6.03,5.52,5.07,4.73,4.26,3.73,3.95,3.93,4.03,4.82,0
Asia,Western Asia,Armenia,Female,25,18,19,10,22,11,26,13,26,25,10,19,19,19,20,21,14,11,11,10,16,1.59,1.14,1.22,0.68,1.38,0.7,1.66,0.84,1.71,1.63,0.65,1.24,1.24,1.24,1.29,1.35,0.9,0.71,0.7,0.64,1.02
Asia,Western Asia,Armenia,Male,65,69,49,65,61,47,53,64,70,72,46,52,46,44,52,54,69,59,39,63,36,4.52,4.86,3.47,4.59,4.32,3.35,3.81,4.65,5.18,5.33,3.42,3.86,3.4,3.24,3.8,3.93,5,4.26,2.81,4.53,2.58
Asia,Western Asia,Azerbaijan,Female,0,0,0,0,0,0,0,0,0,0,62,0,58,70,87,73,88,77,66,61,79,0,0,0,0,0,0,0,0,0,0,1.36,0,1.24,1.48,1.82,1.51,1.8,1.56,1.32,1.21,1.56
Asia,Western Asia,Azerbaijan,Male,0,0,0,0,0,0,0,0,0,0,144,0,144,151,149,152,120,124,153,122,151,0,0,0,0,0,0,0,0,0,0,3.22,0,3.13,3.24,3.15,3.17,2.47,2.53,3.08,2.43,2.98
Asia,Western Asia,Bahrain,Female,0,0,0,0,0,0,0,0,0,0,1,0,1,2,0,0,3,1,0,0,0,0,0,0,0,0,0,0,0,0,0,0.21,0,0.2,0.4,0,0,0.56,0.18,0,0,0
Asia,Western Asia,Bahrain,Male,0,0,0,0,0,0,0,0,0,0,1,9,6,5,8,8,9,4,6,2,0,0,0,0,0,0,0,0,0,0,0,0.13,1.13,0.74,0.62,0.97,0.94,1.01,0.43,0.6,0.19,0
Asia,Western Asia,Cyprus,Female,0,0,0,0,4,2,4,3,2,7,1,6,5,3,5,3,5,0,6,10,4,0,0,0,0,0.8,0.39,0.77,0.57,0.37,1.28,0.18,1.06,0.88,0.52,0.87,0.52,0.86,0,1.01,1.67,0.66
Asia,Western Asia,Cyprus,Male,0,0,0,0,12,18,11,10,7,12,7,3,17,9,6,12,8,7,9,5,11,0,0,0,0,2.34,3.46,2.08,1.87,1.29,2.18,1.26,0.53,3,1.57,1.04,2.06,1.37,1.19,1.51,0.83,1.82
Asia,Western Asia,Georgia,Female,0,0,0,0,34,72,45,45,43,33,28,0,0,0,33,0,34,21,19,0,0,0,0,0,0,1.54,3.27,2.05,2.06,1.98,1.53,1.3,0,0,0,1.59,0,1.62,1,0.91,0,0
Asia,Western Asia,Georgia,Male,0,0,0,0,263,331,278,285,220,176,159,0,0,0,74,0,5,69,70,0,0,0,0,0,0,13.11,16.49,13.92,14.35,11.14,9.01,8.14,0,0,0,3.87,0,0.26,3.61,3.67,0,0
Asia,Western Asia,Israel,Female,39,38,37,36,31,48,37,27,29,27,34,34,24,35,25,24,23,23,26,0,25,1.29,1.24,1.18,1.13,0.96,1.45,1.09,0.78,0.82,0.74,0.92,0.9,0.62,0.9,0.64,0.6,0.56,0.55,0.62,0,0.58
Asia,Western Asia,Israel,Male,115,155,171,135,128,121,116,108,91,117,115,113,104,92,82,86,81,0,90,0,0,3.93,5.19,5.62,4.36,4.06,3.76,3.52,3.2,2.63,3.3,3.19,3.05,2.76,2.4,2.13,2.17,2.01,2.44,2.16,0,0
Asia,Western Asia,Jordan,Female,0,0,0,0,0,0,0,29,30,36,38,28,25,0,0,0,33,33,0,26,22,0,0,0,0,0,0,0,0.95,0.94,1.07,1.07,0.74,0.63,0,0,0,0.71,0.68,0,0.52,0.44
Asia,Western Asia,Jordan,Male,0,0,0,0,0,0,0,83,90,66,78,113,136,0,0,0,97,0,0,89,77,0,0,0,0,0,0,0,2.58,2.68,1.87,2.11,2.9,3.31,0,0,0,2.02,2.02,0,1.74,1.49
Asia,Western Asia,Kuwait,Female,0,0,0,5,11,16,6,12,11,12,13,11,10,0,0,0,0,0,0,0,0,0,0,0,0.56,1.22,1.72,0.61,1.15,0.99,1.01,1.03,0.82,0.71,0,0,0,0,0,0,0,0
Asia,Western Asia,Kuwait,Male,0,0,0,24,32,25,39,47,27,37,47,48,51,0,0,0,0,0,0,0,0,0,0,0,1.88,2.46,1.87,2.79,3.21,1.75,2.26,2.72,2.62,2.63,0,0,0,0,0,0,0,0
Asia,Western Asia,Oman,Female,0,0,0,0,0,0,0,0,0,0,0,0,0,0,6,4,5,4,2,6,0,0,0,0,0,0,0,0,0,0,0,0,0,0,0,0.42,0.27,0.32,0.25,0.12,0.35,0
Asia,Western Asia,Oman,Male,0,0,0,0,0,0,0,0,0,0,0,0,0,0,6,12,11,13,11,17,0,0,0,0,0,0,0,0,0,0,0,0,0,0,0,0.23,0.43,0.37,0.42,0.35,0.52,0
Asia,Western Asia,Qatar,Female,0,1,0,0,1,4,1,3,1,2,0,0,1,1,2,0,0,0,0,0,0,0,0.46,0,0,0.39,1.42,0.33,0.9,0.27,0.5,0,0,0.2,0.18,0.34,0,0,0,0,0,0
Asia,Western Asia,Qatar,Male,0,4,0,0,4,2,4,6,11,6,4,4,6,8,7,0,0,0,0,0,0,0,1,0,0,0.81,0.34,0.56,0.68,1.03,0.48,0.28,0.26,0.36,0.45,0.37,0,0,0,0,0,0
Asia,Western Asia,State of Palestine,Female,0,0,0,0,0,0,0,0,0,0,9,3,4,0,0,7,0,5,3,7,14,0,0,0,0,0,0,0,0,0,0,0.48,0.15,0.19,0,0,0.31,0,0.21,0.13,0.29,0.56
Asia,Western Asia,State of Palestine,Male,0,0,0,0,0,0,0,0,0,0,22,20,22,0,0,47,0,29,16,28,34,0,0,0,0,0,0,0,0,0,0,1.09,0.99,1.02,0,0,2.05,0,1.2,0.65,1.11,1.31
Asia,Western Asia,Syrian Arab Republic,Female,0,0,0,0,0,0,0,0,0,0,0,0,0,0,0,0,0,0,0,747,0,0,0,0,0,0,0,0,0,0,0,0,0,0,0,0,0,0,0,0,8.77,0
Asia,Western Asia,Syrian Arab Republic,Male,0,0,0,0,0,0,0,0,0,0,0,0,0,0,0,0,0,0,0,2617,0,0,0,0,0,0,0,0,0,0,0,0,0,0,0,0,0,0,0,0,30.59,0
Asia,Western Asia,Turkey,Female,0,0,588,605,607,550,615,570,0,634,629,606,0,0,412,441,424,440,474,0,0,0,0,1.75,1.78,1.76,1.58,1.74,1.59,0,1.72,1.68,1.6,0,0,1.03,1.09,1.03,1.05,1.12,0
Asia,Western Asia,Turkey,Male,0,0,0,2248,2308,2697,2617,2984,2687,0,2430,2432,2610,0,0,1818,2257,2113,1756,1561,0,0,0,0,6.91,7,8.07,7.74,8.72,7.76,0,6.83,6.73,7.11,0,0,4.7,5.74,5.29,4.32,3.79,0
Asia,Western Asia,United Arab Emirates,Female,0,0,0,0,0,0,0,0,0,0,17,14,16,18,16,9,0,0,0,21,0,0,0,0,0,0,0,0,0,0,0,0.83,0.65,0.7,0.72,0.62,0.36,0,0,0,0.7,0
Asia,Western Asia,United Arab Emirates,Male,0,0,0,0,0,0,0,0,0,0,49,36,52,38,44,50,0,0,0,43,0,0,0,0,0,0,0,0,0,0,0,0.77,0.54,0.78,0.58,0.68,0.77,0,0,0,0.64,0
Europe,Eastern Europe,Belarus,Female,0,0,0,0,0,0,0,221,183,198,136,117,126,103,116,116,106,94,84,87,0,0,0,0,0,0,0,0,4.37,3.62,3.92,2.7,2.32,2.5,2.04,2.3,2.3,2.1,1.86,1.66,1.72,0
Europe,Eastern Europe,Belarus,Male,0,0,0,0,0,0,0,427,369,289,265,256,214,230,224,210,201,146,142,138,0,0,0,0,0,0,0,0,9.68,8.39,6.59,6.05,5.85,4.89,5.25,5.11,4.78,4.57,3.32,3.23,3.14,0
Europe,Eastern Europe,Bulgaria,Female,97,61,56,51,57,52,54,38,36,35,27,30,37,34,26,29,22,35,38,23,26,2.37,1.52,1.4,1.3,1.44,1.32,1.38,0.98,0.93,0.91,0.71,0.79,0.98,0.91,0.7,0.78,0.6,0.96,1.05,0.64,0.73
Europe,Eastern Europe,Bulgaria,Male,234,246,198,195,186,147,132,139,136,115,121,98,104,75,86,97,57,68,54,60,43,6.02,6.37,5.18,5.14,4.96,3.93,3.55,3.77,3.71,3.16,3.35,2.73,2.91,2.11,2.44,2.77,1.64,1.97,1.58,1.76,1.27
Europe,Eastern Europe,Czechia,Female,49,47,58,58,49,45,54,55,44,38,53,44,48,51,45,49,36,30,0,39,39,0.93,0,0,0,0,0,0,0,0,0,0,0,0,0,0,0,0,0,0,0,0
Europe,Eastern Europe,Czechia,Male,142,88,81,105,84,63,76,71,70,56,50,42,57,39,36,39,29,36,0,58,38,2.84,1.76,1.62,0,0,0,0,0,0,0,0,0,0,0,0,0,0,0,0,0,0
Europe,Eastern Europe,Czechia,Male,0,0,0,0,0,0,0,0,0,0,0,0,0,0,0,0,0,0,0,0,0,0,0,0,2.11,1.69,1.26,1.51,1.4,1.37,1.09,0.97,0.81,1.1,0.75,0.69,0.75,0.56,0.69,0,1.1,0.72
Europe,Eastern Europe,Hungary,Female,87,85,87,90,88,76,74,63,70,63,61,42,58,71,67,102,82,72,43,31,39,1.63,1.59,1.63,1.71,1.66,1.44,1.41,1.2,1.33,1.2,1.17,0.81,1.12,1.37,1.3,1.99,1.6,1.41,0.84,0.61,0.77
Europe,Eastern Europe,Hungary,Male,117,168,115,137,121,87,99,91,111,76,77,103,66,83,79,119,120,170,43,33,41,2.42,3.49,2.4,2.85,2.52,1.83,2.09,1.91,2.34,1.61,1.63,2.19,1.41,1.78,1.7,2.56,2.59,3.67,0.93,0.72,0.89
Europe,Eastern Europe,Poland,Female,228,218,204,205,153,144,140,115,88,112,118,131,110,85,92,112,71,94,83,80,89,1.15,1.1,1.03,1.04,0.78,0.73,0.71,0.58,0.45,0.57,0.6,0.67,0.56,0.43,0.47,0.57,0.36,0.48,0.42,0.41,0.46
Europe,Eastern Europe,Poland,Male,626,557,511,456,479,410,349,409,237,274,265,290,298,219,194,186,189,193,190,173,178,3.35,2.98,2.74,2.45,2.58,2.21,1.89,2.21,1.28,1.48,1.43,1.57,1.61,1.19,1.06,1.01,1.03,1.05,1.03,0.94,0.97
Europe,Eastern Europe,Republic of Moldova,Female,120,120,126,107,92,0,76,68,91,71,102,87,63,69,17,47,48,36,41,43,0,5.49,5.51,5.81,4.93,4.25,4.61,3.52,3.16,4.26,3.34,4.81,4.11,2.98,3.26,0.8,2.22,2.27,1.71,1.94,2.04,0
Europe,Eastern Europe,Republic of Moldova,Male,312,290,274,211,184,196,186,149,145,175,163,129,166,160,144,142,152,105,125,114,0,15.55,14.51,13.72,10.6,9.25,9.84,9.36,7.52,7.34,8.89,8.3,6.58,8.47,8.17,7.35,7.26,7.78,5.39,6.43,5.88,0
Europe,Eastern Europe,Romania,Female,140,177,243,238,154,156,110,123,101,88,90,69,83,58,107,95,91,89,82,71,96,1.24,1.57,2.17,2.14,1.39,1.42,1.01,1.14,0.94,0.83,0.85,0.66,0.8,0.56,1.04,0.93,0.9,0.88,0.82,0.71,0.97
Europe,Eastern Europe,Romania,Male,416,522,413,458,333,277,247,256,201,170,176,136,129,160,218,244,215,166,168,173,185,3.84,4.86,3.87,4.32,3.16,2.65,2.39,2.5,1.99,1.7,1.77,1.38,1.31,1.63,2.24,2.52,2.23,1.74,1.77,1.84,1.98
Europe,Eastern Europe,Russian Federation,Female,10337,10756,10716,10305,9641,8849,7215,6196,4493,4620,4358,4057,4239,4021,4191,4154,4152,3484,3173,2921,2763,13.27,13.85,13.84,13.35,12.53,11.52,9.4,8.08,5.85,6.01,5.66,5.26,5.49,5.19,5.4,5.34,5.33,4.46,4.06,3.73,3.53
Europe,Eastern Europe,Russian Federation,Male,30753,32165,33536,31459,29615,26787,21629,19181,13695,13039,12332,12118,128,12012,12325,11710,11709,9809,8782,8278,7928,44.89,47.19,49.46,46.65,44.13,40.07,32.44,28.82,20.59,19.61,18.53,18.19,17.99,17.96,18.39,17.43,17.4,14.55,13,12.25,11.72
Europe,Eastern Europe,Slovakia,Female,34,33,49,47,36,32,15,28,24,32,31,31,18,23,19,14,20,19,26,15,28,1.22,1.19,1.76,1.69,1.29,1.15,0.54,1.01,0.86,1.15,1.11,1.11,0.65,0.82,0.68,0.5,0.72,0.68,0.93,0.54,1
Europe,Eastern Europe,Slovakia,Male,95,85,72,90,72,61,67,54,62,46,51,56,45,48,46,30,37,55,36,54,33,3.62,3.24,2.75,3.44,2.75,2.33,2.56,2.06,2.37,1.76,1.95,2.13,1.71,1.82,1.74,1.14,1.4,2.08,1.36,2.03,1.24
Europe,Eastern Europe,Ukraine,Female,1308,1485,1315,1265,1109,958,908,0,739,705,603,0,0,0,0,0,0,461,0,0,0,5.01,5.74,5.12,4.97,4.39,3.81,3.63,0,2.98,2.85,2.45,0,0,0,0,0,0,1.93,0,0,0
Europe,Eastern Europe,Ukraine,Male,3109,3368,2980,2775,2377,2071,2049,0,1726,1534,1384,0,0,0,0,0,0,2290,0,0,0,13.68,14.96,13.36,12.55,10.84,9.52,9.49,0,8.09,7.23,6.55,0,0,0,0,0,0,11.12,0,0,0
Europe,Northern Europe,Denmark,Female,32,19,15,28,17,18,11,17,17,14,22,15,16,13,31,23,23,20,20,27,17,2.35,1.4,1.09,2.04,1.23,1.31,0.79,1.23,1.23,0.99,1.56,1.05,1.13,0.91,2.16,1.62,1.59,1.37,1.37,1.84,1.15
Europe,Northern Europe,Denmark,Male,26,32,33,37,26,35,18,22,36,33,20,31,31,35,43,38,33,51,38,39,38,1.94,2.46,2.46,2.75,1.92,2.58,1.32,1.61,2.67,2.38,1.44,2.22,2.2,2.48,3.03,2.71,2.3,3.55,2.63,2.69,2.61
Europe,Northern Europe,Estonia,Female,25,29,32,39,15,28,24,19,18,21,16,14,17,18,9,10,9,8,5,6,10,3.43,4.01,4.36,5.42,2.17,3.92,3.44,2.67,2.64,3.02,2.31,1.97,2.41,2.56,1.28,1.53,1.29,1.14,0.72,0.86,1.43
Europe,Northern Europe,Estonia,Male,117,107,109,107,75,84,66,76,67,48,53,51,46,34,32,34,24,21,23,20,32,17.99,16.51,17.04,16.78,11.85,13.42,10.56,12.29,10.77,7.78,8.64,8.24,7.46,5.53,5.21,5.57,3.89,3.39,3.69,3.19,5.09
Europe,Northern Europe,Finland,Female,45,47,43,30,33,35,37,48,44,34,28,37,40,24,27,16,22,30,24,30,0,1.72,1.79,1.64,1.13,1.23,1.3,1.37,1.78,1.62,1.25,1.02,1.35,1.45,0.87,0.97,0.57,0.79,1.07,0.86,1.07,0
Europe,Northern Europe,Finland,Male,102,108,88,72,115,84,82,81,89,86,91,73,48,65,61,66,52,37,62,58,0,4.04,4.27,3.47,2.85,4.48,3.26,3.17,3.12,3.41,3.28,3.46,2.76,1.8,2.43,2.27,2.45,1.92,1.36,2.28,2.13,0
Europe,Northern Europe,Iceland,Female,0,0,0,0,0,0,0,0,0,0,0,1,1,0,2,0,1,2,1,0,1,0,0,0,0,0,0,0,0,0,0,0,0.62,0.62,0,1.22,0,0.6,1.2,0.6,0,0.59
Europe,Northern Europe,Iceland,Male,0,0,0,0,0,3,0,2,0,1,2,2,0,1,0,3,0,1,2,1,4,0,0,0,0,0,2.03,0,1.3,0,0.63,1.24,1.23,0,0.61,0,1.81,0,0.6,1.18,0.59,2.33
Europe,Northern Europe,Ireland,Female,7,7,10,8,5,8,16,11,9,9,7,1,12,7,0,7,2,15,10,8,6,0.41,0.4,0.55,0.41,0.25,0.4,0.77,0.51,0.45,0.43,0.32,0.06,0.55,0.34,0,0.3,0.08,0.63,0.41,0.33,0.24
Europe,Northern Europe,Ireland,Male,29,44,41,28,25,43,45,66,41,43,47,40,39,43,0,23,32,24,29,26,28,1.55,2.31,2.11,1.45,1.23,2.12,2.17,3.1,1.87,1.94,2.11,1.78,1.72,1.89,0,1,1.38,1.02,1.21,1.07,1.14
Europe,Northern Europe,Latvia,Female,0,0,0,0,0,0,0,0,0,0,0,0,37,24,36,29,34,42,43,42,28,0,0,0,0,0,0,0,0,0,0,0,0,3.3,2.17,3.34,2.72,3.18,3.98,4.13,4.08,2.75
Europe,Northern Europe,Latvia,Male,0,0,0,0,0,0,0,0,0,0,0,0,33,26,27,37,35,44,41,23,21,0,0,0,0,0,0,0,0,0,0,0,0,3.48,2.78,2.96,4.1,3.86,4.91,4.62,2.62,2.42
Europe,Northern Europe,Lithuania,Female,101,89,69,103,130,0,75,72,81,64,75,66,53,60,53,49,46,48,54,22,29,5.47,4.82,3.79,5.68,7.19,5.58,4.23,4.11,4.68,3.75,4.45,3.96,3.22,3.69,3.3,3.1,2.95,3.13,3.58,1.48,1.98
Europe,Northern Europe,Lithuania,Male,268,263,223,240,213,272,213,205,217,188,144,145,149,138,106,123,107,81,74,73,72,16.36,16.25,13.89,15.11,13.54,17.51,13.91,13.59,14.63,12.88,10.01,10.22,10.64,9.97,7.75,9.11,8.03,6.17,5.72,5.72,5.71
Europe,Northern Europe,Norway,Female,21,14,15,24,12,15,21,17,10,12,15,52,9,20,13,14,11,13,9,16,15,0.96,0.64,0.67,1.06,0.52,0.68,0.89,0.72,0.42,0.5,0.61,2.1,0.36,0.79,0.51,0.54,0.42,0.5,0.34,0.6,0.56
Europe,Northern Europe,Norway,Male,26,22,30,26,24,17,12,13,24,17,14,59,18,26,16,10,16,15,16,12,16,1.18,1,1.36,1.17,1.05,0.74,0.52,0.55,1.01,0.71,0.57,2.38,0.72,1.02,0.62,0.38,0.6,0.56,0.59,0.44,0.58
Europe,Northern Europe,Sweden,Female,36,29,36,26,40,30,35,31,27,38,26,25,21,26,25,29,29,27,33,25,25,0.82,0.65,0.81,0.6,0.9,0.67,0.78,0.69,0.6,0.82,0.57,0.53,0.45,0.54,0.52,0.59,0.59,0.55,0.66,0.5,0.5
Europe,Northern Europe,Sweden,Male,59,57,64,58,66,52,55,79,54,54,64,56,46,61,62,83,77,86,75,86,99,1.35,1.31,1.47,1.31,1.49,1.17,1.22,1.74,1.18,1.18,1.37,1.19,0.97,1.27,1.28,1.7,1.57,1.74,1.5,1.71,1.96
Europe,Southern Europe,Albania,Female,0,0,0,0,0,0,0,0,0,0,0,22,26,24,13,16,17,13,15,13,9,0,0,0,0,0,0,0,0,0,0,1.3,1.53,1.81,1.68,0.91,1.13,1.2,0.92,1.06,0.92,0.64
Europe,Southern Europe,Albania,Female,13,39,39,21,19,21,23,24,19,7,19,0,0,0,0,0,0,0,0,0,0,0.84,2.53,2.53,1.36,1.23,1.37,1.51,1.59,1.27,0.47,0,0,0,0,0,0,0,0,0,0,0
Europe,Southern Europe,Albania,Male,118,181,177,145,112,133,72,81,74,78,108,119,131,99,104,48,62,45,51,52,52,7.45,11.41,11.18,9.21,7.16,8.57,4.68,5.32,4.9,5.22,7.27,8.1,8.89,6.79,7.06,3.26,4.22,3.06,3.47,3.55,3.55
Europe,Southern Europe,Andorra,Female,0,0,0,0,0,0,0,0,1,0,0,0,0,0,0,0,0,0,0,0,0,0,0,0,0,0,0,0,0,0,0,0,0,0,0,0,0,0,0,0,0,0
Europe,Southern Europe,Andorra,Male,0,0,0,0,0,0,0,0,0,0,0,1,0,0,0,0,0,0,0,0,2,0,0,0,0,0,0,0,0,0,0,0,0,0,0,0,0,0,0,0,0,0
Europe,Southern Europe,Bosnia and Herzegovina,Female,20,29,25,0,0,0,0,0,0,15,10,16,24,14,11,18,15,10,8,10,0,1.05,1.52,1.31,0,0,0,0,0,0,0.79,0.53,0.86,1.31,0.78,0.62,1.03,0.87,0.59,0.47,0.59,0
Europe,Southern Europe,Bosnia and Herzegovina,Male,79,53,65,0,0,0,0,0,0,56,46,35,39,32,39,39,30,32,31,29,0,4.29,2.87,3.52,0,0,0,0,0,0,3.05,2.53,1.95,2.2,1.84,2.28,2.32,1.81,1.95,1.9,1.79,0
Europe,Southern Europe,Croatia,Female,32,27,31,22,37,27,32,24,24,24,32,21,18,21,17,15,20,18,8,14,19,1.4,1.22,1.39,0.97,1.63,1.19,1.41,1.06,1.06,1.07,1.43,0.94,0.81,0.95,0.77,0.68,0.92,0.83,0.37,0.65,0.89
Europe,Southern Europe,Croatia,Male,68,53,41,46,46,41,42,38,47,25,30,28,33,25,19,22,24,28,16,19,20,3.23,2.5,1.96,2.22,2.18,1.94,2,1.81,2.24,1.2,1.44,1.35,1.6,1.22,0.93,1.08,1.19,1.39,0.8,0.95,1.01
Europe,Southern Europe,Greece,Female,0,35,23,33,29,44,22,35,33,25,34,32,39,50,27,30,26,23,29,19,17,0,0.64,0.42,0.58,0.52,0.78,0.39,0.62,0.59,0.45,0.61,0.58,0.71,0.91,0.5,0.55,0.48,0.43,0.54,0.36,0.32
Europe,Southern Europe,Greece,Male,0,96,70,89,81,87,88,95,111,127,142,152,127,103,80,63,58,63,70,59,61,0,1.74,1.27,1.6,1.46,1.58,1.59,1.73,2.04,2.36,2.65,2.86,2.4,1.95,1.52,1.2,1.11,1.21,1.36,1.15,1.19
Europe,Southern Europe,Holy See,Female,0,0,0,0,0,0,0,0,0,0,0,0,0,0,0,0,0,0,0,0,0,0,0,0,0,0,0,0,0,0,0,0,0,0,0,0,0,0,0,0,0,0
Europe,Southern Europe,Holy See,Male,0,0,0,0,0,0,0,0,0,0,0,0,0,0,0,0,0,0,0,0,0,0,0,0,0,0,0,0,0,0,0,0,0,0,0,0,0,0,0,0,0,0
Europe,Southern Europe,Italy,Female,190,171,182,197,0,136,178,149,147,173,154,166,162,179,147,135,151,132,141,111,116,0.65,0.58,0.62,0.67,0,0.45,0.59,0.49,0.49,0.57,0.5,0.54,0.53,0.58,0.47,0.44,0.48,0.42,0.45,0.36,0.37
Europe,Southern Europe,Italy,Male,575,537,461,521,0,473,446,481,467,417,374,385,367,323,328,333,253,244,218,206,169,2.1,1.95,1.66,1.87,0,1.67,1.57,1.69,1.64,1.46,1.3,1.34,1.27,1.11,1.12,1.13,0.86,0.83,0.74,0.7,0.57
Europe,Southern Europe,Malta,Female,0,0,0,0,4,2,0,1,1,3,1,3,3,0,1,2,2,1,4,3,1,0,0,0,0,1.97,0.98,0,0.49,0.48,1.45,0.48,1.43,1.42,0,0.46,0.92,0.92,0.46,1.83,1.37,0.45
Europe,Southern Europe,Malta,Male,0,0,0,0,3,2,0,3,5,1,3,0,9,7,5,2,3,8,3,2,6,0,0,0,0,1.5,1,0,1.48,2.46,0.49,1.46,0,4.29,3.29,2.33,0.92,1.37,3.65,1.36,0.91,2.71
Europe,Southern Europe,Montenegro,Female,0,0,0,0,0,0,0,3,5,6,7,3,3,1,4,3,3,4,2,5,3,0,0,0,0,0,0,0,0.95,1.59,2.12,2.22,0.95,0.95,0.32,1.26,0.95,0.95,1.26,0.63,1.57,0.94
Europe,Southern Europe,Montenegro,Male,0,0,0,0,0,0,0,9,19,14,8,18,14,9,16,14,25,11,12,18,15,0,0,0,0,0,0,0,2.95,6.2,4.66,2.6,5.83,4.53,2.91,5.17,4.52,8.06,3.55,3.87,5.8,4.83
Europe,Southern Europe,North Macedonia,Female,11,0,8,16,12,9,9,11,9,12,15,4,11,7,10,2,6,4,9,4,0,1.14,0,0.85,1.65,1.19,0.9,0.87,1.06,0.87,1.16,1.45,0.39,1.06,0.67,0.96,0.19,0.58,0.38,0.86,0.38,0
Europe,Southern Europe,North Macedonia,Male,35,0,51,53,36,34,37,31,26,23,28,26,18,15,25,23,13,27,16,20,0,3.48,0,5,5.16,3.57,3.37,3.59,3,2.52,2.22,2.71,2.51,1.74,1.44,2.41,2.21,1.25,2.59,1.54,1.92,0
Europe,Southern Europe,Portugal,Female,35,25,37,33,39,32,42,51,36,37,41,39,41,51,48,0,0,0,0,0,0,0.67,0.47,0.69,0.62,0.73,0.61,0.78,0.94,0.66,0.69,0.76,0.71,0.75,0.95,0.88,0,0,0,0,0,0
Europe,Southern Europe,Portugal,Male,80,79,81,115,104,102,112,133,87,92,82,74,80,92,43,0,0,0,0,0,0,1.61,1.6,1.63,2.29,2.07,2.01,2.21,2.62,1.73,1.81,1.62,1.48,1.61,1.85,0.89,0,0,0,0,0,0
Europe,Southern Europe,Serbia,Female,59,75,56,67,51,45,51,55,38,38,42,39,38,47,38,31,41,29,28,29,23,1.24,1.58,1.18,1.42,1.08,0.96,1.09,1.18,0.82,0.83,0.92,0.85,0.83,1.03,0.84,0.68,0.91,0.64,0.62,0.65,0.52
Europe,Southern Europe,Serbia,Male,168,167,143,108,112,102,105,116,102,116,88,96,73,95,82,73,82,65,80,61,66,3.61,3.62,3.14,2.39,2.49,2.27,2.34,2.6,2.3,2.62,2,2.18,1.67,2.17,1.88,1.68,1.89,1.5,1.85,1.42,1.54
Europe,Southern Europe,Slovenia,Female,0,0,0,0,7,10,3,8,5,7,8,7,6,3,6,11,2,9,5,4,6,0,0,0,0,0.69,0.98,0.29,0.78,0.49,0.68,0.78,0.68,0.58,0.29,0.58,1.06,0.19,0.86,0.48,0.38,0.57
Europe,Southern Europe,Slovenia,Male,0,0,0,0,20,10,9,16,5,6,7,9,8,9,10,9,8,10,5,6,5,0,0,0,0,2.06,1.03,0.92,1.62,0.5,0.6,0.69,0.88,0.78,0.88,0.97,0.87,0.78,0.97,0.48,0.58,0.48
Europe,Southern Europe,Spain,Female,0,132,134,171,187,129,159,167,127,136,156,127,124,121,127,121,113,113,117,126,119,0,0.63,0.63,0.79,0.85,0.58,0.7,0.73,0.55,0.58,0.66,0.54,0.52,0.51,0.54,0.51,0.48,0.48,0.49,0.53,0.5
Europe,Southern Europe,Spain,Male,0,444,429,415,332,388,316,314,279,275,244,257,239,180,195,181,181,194,172,207,178,0,2.19,2.08,1.98,1.56,1.79,1.43,1.4,1.23,1.2,1.05,1.11,1.03,0.78,0.85,0.79,0.79,0.85,0.75,0.9,0.77
Europe,Western Europe,Austria,Female,53,41,37,23,31,24,29,24,29,28,30,35,38,30,23,17,31,37,44,40,37,1.29,1,0.9,0.56,0.76,0.57,0.68,0.57,0.68,0.66,0.7,0.81,0.87,0.69,0.52,0.38,0.7,0.82,0.97,0.88,0.81
Europe,Western Europe,Austria,Male,28,28,27,26,27,29,31,20,29,22,28,40,41,32,22,29,23,33,42,37,28,0.73,0.72,0.69,0.67,0.68,0.74,0.79,0.51,0.71,0.56,0.68,0.97,0.99,0.77,0.52,0.68,0.54,0.76,0.96,0.84,0.63
Europe,Western Europe,Belgium,Female,83,102,132,94,126,92,87,87,71,76,69,92,77,98,81,0,0,0,0,0,0,1.59,1.95,2.5,1.77,2.37,1.72,1.62,1.6,1.3,1.38,1.25,1.65,1.37,1.74,1.42,0,0,0,0,0,0
Europe,Western Europe,Belgium,Male,128,179,186,135,141,128,133,123,131,112,119,121,127,106,128,0,0,0,0,0,0,2.56,3.55,3.68,2.66,2.75,2.49,2.56,2.35,2.49,2.12,2.23,2.25,2.35,1.94,2.34,0,0,0,0,0,0
Europe,Western Europe,France,Female,0,0,0,0,0,0,0,0,0,0,0,0,0,0,0,381,311,279,244,285,0,0,0,0,0,0,0,0,0,0,0,0,0,0,0,0,1.15,0.93,0.83,0.73,0.85,0
Europe,Western Europe,France,Male,0,0,0,0,0,0,0,0,0,0,0,0,0,0,0,630,531,517,520,550,0,0,0,0,0,0,0,0,0,0,0,0,0,0,0,0,2.02,1.7,1.65,1.65,1.74,0
Europe,Western Europe,Germany,Female,545,492,474,487,458,448,442,390,367,386,393,338,296,328,339,327,469,380,367,276,357,1.31,1.18,1.13,1.17,1.1,1.07,1.06,0.94,0.89,0.94,0.95,0.82,0.72,0.79,0.82,0.79,1.12,0.91,0.87,0.65,0.84
Europe,Western Europe,Germany,Male,819,689,698,610,654,596,546,498,464,417,0,0,363,354,377,355,494,433,421,347,425,2.07,1.74,1.76,1.53,1.64,1.49,1.37,1.25,1.17,1.05,1.01,1.01,0.91,0.89,0.94,0.88,1.22,1.06,1.03,0.84,1.03
Europe,Western Europe,Liechtenstein,Female,0,0,0,0,0,0,0,0,0,0,0,0,0,0,0,0,0,1,1,0,0,0,0,0,0,0,0,0,0,0,0,0,0,0,0,0,0,0,0,0,0,0
Europe,Western Europe,Liechtenstein,Male,0,0,0,0,0,0,0,0,0,0,1,0,0,0,1,0,0,0,0,1,0,0,0,0,0,0,0,0,0,0,0,0,0,0,0,0,0,0,0,0,0,0
Europe,Western Europe,Luxembourg,Female,0,4,0,0,1,0,2,3,0,0,5,0,0,0,2,0,0,0,0,1,0,0,1.79,0,0,0.44,0,0.85,1.25,0,0,1.96,0,0,0,0.72,0,0,0,0,0.33,0
Europe,Western Europe,Luxembourg,Male,0,5,0,0,1,0,5,4,0,5,5,4,0,0,2,0,0,0,0,3,1,0,2.31,0,0,0.45,0,2.17,1.7,0,2.03,1.98,1.55,0,0,0.72,0,0,0,0,0.96,0.32
Europe,Western Europe,Netherlands,Female,60,68,61,73,53,57,49,47,47,50,54,50,50,56,30,42,32,43,36,42,44,1.48,1.67,1.49,1.77,1.28,1.37,1.17,1.13,1.11,1.19,1.27,1.17,1.17,1.31,0.35,0.97,0.37,0.99,0.83,0.97,1.01
Europe,Western Europe,Netherlands,Male,120,134,134,129,138,117,79,96,103,104,90,93,95,69,93,62,62,89,64,67,63,3.02,3.35,3.33,3.19,3.39,2.86,1.92,2.32,2.48,2.5,2.16,2.22,2.26,1.63,2.2,1.46,1.45,2.08,1.49,1.56,1.46
Europe,Western Europe,Switzerland,Female,38,36,49,39,38,37,37,26,25,27,26,23,17,32,24,30,25,20,28,26,27,1.06,1,1.34,1.06,1.03,0.99,0.99,0.68,0.65,0.69,0.66,0.57,0.42,0.78,0.58,0.72,0.59,0.47,0.65,0.6,0.62
Europe,Western Europe,Switzerland,Male,30,49,36,33,39,37,22,24,28,24,26,23,28,25,17,27,20,25,22,20,20,0.87,1.41,1.04,0.94,1.1,1.04,0.61,0.67,0.77,0.63,0.68,0.59,0.71,0.62,0.42,0.66,0.48,0.6,0.52,0.47,0.47
Oceania,Australia and New Zealand,Australia,Female,136,116,121,96,92,94,92,85,101,76,93,90,83,94,94,84,80,63,84,68,74,1.43,1.21,1.25,0.98,0.93,0.93,0.9,0.82,0.95,0.7,0.85,0.8,0.72,0.81,0.79,0.7,0.66,0.51,0.67,0.54,0.58
Oceania,Australia and New Zealand,Australia,Male,225,230,244,205,170,164,188,169,160,186,137,158,160,151,149,151,147,144,135,156,150,2.39,2.41,2.53,2.1,1.72,1.63,1.84,1.62,1.5,1.72,1.24,1.4,1.4,1.3,1.27,1.27,1.22,1.18,1.09,1.24,1.18
Oceania,Australia and New Zealand,New Zealand,Female,20,21,26,14,11,26,17,19,23,25,22,15,21,12,13,16,22,13,0,27,0,2.11,1.06,2.63,0.69,0.57,2.53,0.81,0.88,2.11,2.27,1.01,1.33,0.92,0.52,0.59,0.68,1.85,0.54,0,1.11,0
Oceania,Australia and New Zealand,New Zealand,Male,31,29,33,29,33,34,31,29,28,42,20,24,20,34,29,32,28,22,0,86,0,3.29,3.11,3.43,3.03,3.29,3.37,1.54,2.79,1.33,3.95,0.95,2.21,0.91,3.05,2.61,2.81,1.22,0.95,0,7.3,0
Oceania,Melanesia,Fiji,Female,0,0,0,0,0,9,12,18,10,8,6,9,7,8,12,0,0,0,0,0,0,0,0,0,0,0,2.24,2.96,4.4,2.42,1.92,1.43,2.13,1.65,1.88,2.82,0,0,0,0,0,0
Oceania,Melanesia,Fiji,Male,0,0,0,0,0,14,10,3,7,21,14,11,13,11,8,0,0,0,0,0,0,0,0,0,0,0,3.34,2.37,0.7,1.62,4.82,3.19,2.5,2.95,2.5,1.82,0,0,0,0,0,0
Oceania,Melanesia,Vanuatu,Female,0,0,0,0,0,0,0,0,0,0,0,0,0,0,0,0,0,0,0,1,1,0,0,0,0,0,0,0,0,0,0,0,0,0,0,0,0,0,0,0,0.68,0.66
Oceania,Melanesia,Vanuatu,Male,0,0,0,0,0,0,0,0,0,0,0,0,0,0,0,0,0,0,0,1,0,0,0,0,0,0,0,0,0,0,0,0,0,0,0,0,0,0,0,0,0.66,0
Oceania,Micronesia,Micronesia (Federated States of),Female,0,0,0,0,0,0,0,0,0,0,0,0,0,0,0,0,0,0,0,1,0,0,0,0,0,0,0,0,0,0,0,0,0,0,0,0,0,0,0,0,1.79,0
Oceania,Micronesia,Micronesia (Federated States of),Male,0,0,0,0,0,0,0,0,0,0,0,0,0,0,0,0,0,0,0,0,0,0,0,0,0,0,0,0,0,0,0,0,0,0,0,0,0,0,0,0,0,0
Oceania,Polynesia,Tonga,Female,0,1,1,0,0,0,0,0,1,3,0,0,1,0,0,0,0,0,0,1,0,0,2.06,2.05,0,0,0,0,0,1.94,5.79,0,0,1.95,0,0,0,0,0,0,1.92,0
Oceania,Polynesia,Tonga,Male,1,5,5,6,2,4,8,1,3,5,1,2,0,0,0,0,0,0,0,1,2,2.01,9.99,9.97,11.94,3.97,7.9,15.69,1.95,5.79,9.6,1.92,3.85,0,0,0,0,0,0,0,1.91,3.78
(blank),(blank),Aruba,Female,0,2,1,1,0,1,1,0,1,1,0,0,1,1,0,0,0,0,0,0,0,0,4.15,2.02,1.97,0,1.91,1.89,0,1.88,1.88,0,0,1.86,1.85,0,0,0,0,0,0,0
(blank),(blank),Aruba,Male,0,2,4,3,2,5,4,3,4,3,4,2,3,5,2,0,0,0,0,0,0,0,4.48,8.79,6.48,4.25,10.51,8.34,6.23,8.29,6.21,8.25,4.11,6.14,10.18,4.05,0,0,0,0,0,0
(blank),(blank),British Virgin Islands,Female,0,0,0,1,1,0,1,0,0,0,0,0,0,0,0,0,0,0,0,0,0,0,0,0,0,0,0,0,0,0,0,0,0,0,0,0,0,0,0,0,0,0
(blank),(blank),British Virgin Islands,Male,0,1,1,1,3,0,1,0,0,0,0,0,0,0,0,0,0,0,0,0,0,0,0,0,0,0,0,0,0,0,0,0,0,0,0,0,0,0,0,0,0,0
(blank),(blank),Curaao,Female,0,2,6,2,7,6,3,3,0,0,0,0,0,0,0,0,0,0,0,0,0,0,2.89,8.76,2.94,10.25,8.68,4.24,4.11,0,0,0,0,0,0,0,0,0,0,0,0,0
(blank),(blank),Curaao,Male,0,8,33,41,34,20,15,23,0,0,0,0,0,0,0,0,0,0,0,0,0,0,13.07,54.44,67.96,56.25,32.79,24.18,36.21,0,0,0,0,0,0,0,0,0,0,0,0,0
(blank),(blank),French Guiana,Female,0,0,0,0,0,0,3,1,1,5,0,0,0,0,0,0,0,0,0,0,0,0,0,0,0,0,0,3.3,1.61,1.25,4.79,0,0,0,0,0,0,0,0,0,0,0
(blank),(blank),French Guiana,Male,0,0,0,0,0,0,38,26,30,24,0,0,0,0,0,0,0,0,0,0,0,0,0,0,0,0,0,37.05,24.48,27.69,21.6,0,0,0,0,0,0,0,0,0,0,0
(blank),(blank),Kosovo under UNSCR 1244,Female,0,0,0,0,0,0,0,0,25,11,20,9,11,4,12,10,8,13,9,3,0,0,0,0,0,0,0,0,0,0,0,0,0,0,0,0,0,0,0,0,0,0
(blank),(blank),Kosovo under UNSCR 1244,Male,0,0,0,0,0,0,0,0,87,62,86,53,79,37,43,32,30,35,35,21,0,0,0,0,0,0,0,0,0,0,0,0,0,0,0,0,0,0,0,0,0,0
(blank),(blank),Martinique,Female,0,0,0,0,0,0,5,5,4,3,0,0,0,0,0,0,0,0,0,0,0,0,0,0,0,0,0,2.35,2.57,1.99,1.41,0,0,0,0,0,0,0,0,0,0,0
(blank),(blank),Martinique,Male,0,0,0,0,0,0,18,17,12,8,0,0,0,0,0,0,0,0,0,0,0,0,0,0,0,0,0,9.73,9.49,6.92,4.36,0,0,0,0,0,0,0,0,0,0,0
(blank),(blank),Monaco,Female,0,0,0,0,0,0,0,0,0,0,0,0,0,0,0,0,0,0,0,0,0,0,0,0,0,0,0,0,0,0,0,0,0,0,0,0,0,0,0,0,0,0
(blank),(blank),Monaco,Male,0,0,0,0,0,0,0,0,0,0,0,0,0,0,0,0,0,0,0,0,0,0,0,0,0,0,0,0,0,0,0,0,0,0,0,0,0,0,0,0,0,0
(blank),(blank),Montserrat,Female,0,0,0,0,0,0,0,0,0,0,0,0,1,0,0,0,0,0,0,0,0,0,0,0,0,0,0,0,0,0,0,0,0,0,0,0,0,0,0,0,0,0
(blank),(blank),Montserrat,Male,0,0,0,0,0,1,1,0,1,0,0,0,0,0,0,0,0,0,0,0,0,0,0,0,0,0,0,0,0,0,0,0,0,0,0,0,0,0,0,0,0,0
(blank),(blank),Runion,Female,0,0,0,0,10,7,8,8,4,5,0,0,0,0,0,0,0,0,0,0,0,0,0,0,0,2.6,1.82,1.99,1.93,1.07,1.38,0,0,0,0,0,0,0,0,0,0,0
(blank),(blank),Runion,Male,0,0,0,0,12,17,10,16,13,9,0,0,0,0,0,0,0,0,0,0,0,0,0,0,0,3.3,4.54,2.77,4.05,3.4,2.29,0,0,0,0,0,0,0,0,0,0,0
(blank),(blank),Saint Pierre and Miquelon,Female,0,0,0,0,0,0,0,0,0,0,0,0,0,0,0,0,0,0,0,0,0,0,0,0,0,0,0,0,0,0,0,0,0,0,0,0,0,0,0,0,0,0
(blank),(blank),Saint Pierre and Miquelon,Male,0,0,0,0,0,0,0,0,0,0,0,0,0,0,0,0,0,0,0,0,0,0,0,0,0,0,0,0,0,0,0,0,0,0,0,0,0,0,0,0,0,0
(blank),(blank),San Marino,Female,0,0,1,0,0,0,0,0,0,0,0,0,0,0,0,0,0,0,0,0,0,0,0,0,0,0,0,0,0,0,0,0,0,0,0,0,0,0,0,0,0,0
(blank),(blank),San Marino,Male,0,0,0,0,0,0,0,0,0,0,0,0,0,0,0,0,0,0,0,0,0,0,0,0,0,0,0,0,0,0,0,0,0,0,0,0,0,0,0,0,0,0
(blank),(blank),Turks and Caicos Islands,Female,0,0,0,0,0,0,0,1,1,0,0,0,0,1,0,0,0,0,0,0,0,0,0,0,0,0,0,0,0,0,0,0,0,0,0,0,0,0,0,0,0,0
(blank),(blank),Turks and Caicos Islands,Male,0,0,2,0,0,0,0,1,1,2,0,0,0,3,2,0,0,0,0,0,0,0,0,0,0,0,0,0,0,0,0,0,0,0,0,0,0,0,0,0,0,0
(blank),(blank),United States Virgin Islands,Female,3,2,5,3,1,3,4,3,2,2,7,3,2,0,0,0,0,0,0,0,0,5.34,3.56,8.91,5.36,1.79,5.38,7.19,5.4,3.61,3.61,12.65,5.43,3.63,0,0,0,0,0,0,0,0
(blank),(blank),United States Virgin Islands,Male,20,26,36,28,36,34,39,40,44,48,49,42,50,0,0,0,0,0,0,0,0,38.09,49.53,68.63,53.46,68.89,65.28,75.2,77.54,85.77,94.08,96.52,83.07,99.24,0,0,0,0,0,0,0,0
